	book_envelope_200d	book_pullback_ma20	book_pullback_ma5	daytrading_3methods_breakout	elder_ema_pullback	minervini_volume_dryup	rs_leader
book_envelope_200d	1.0	0.7333590534908604	0.7159080391590389	0.7990886593372019	0.7752636792635004	0.6478238870777773	0.7952711389187201
book_pullback_ma20	0.7333590534908604	1.0	0.8924155636934562	0.8785437558785256	0.9245860616582492	0.7978782100858639	0.8693253130305779
book_pullback_ma5	0.7159080391590389	0.8924155636934562	1.0	0.8652309889326347	0.9333953591931855	0.7374663853067566	0.8720726326219106
daytrading_3methods_breakout	0.7990886593372019	0.8785437558785256	0.8652309889326347	1.0	0.9232711815316114	0.786020175150467	0.8774299728108762
elder_ema_pullback	0.7752636792635004	0.9245860616582492	0.9333953591931855	0.9232711815316114	1.0	0.8107006387577592	0.9279090191884093
minervini_volume_dryup	0.6478238870777773	0.7978782100858639	0.7374663853067566	0.786020175150467	0.8107006387577592	1.0	0.7916145358423312
rs_leader	0.7952711389187201	0.8693253130305779	0.8720726326219106	0.8774299728108762	0.9279090191884093	0.7916145358423312	1.0
